First Name,Last Name,Email,Gender,Country,Favorite Color
Parrnell,Conws,pconws0@usda.gov,Male,Philippines,Yellow
Fedora,Hollerin,fhollerin1@ucoz.com,Female,China,Fuscia
Coralie,Eudall,ceudall2@google.com.au,Female,Argentina,Turquoise
Lexis,Satchel,lsatchel3@latimes.com,Female,Mexico,Teal
Em,Marciskewski,emarciskewski4@indiegogo.com,Male,Russia,Violet
Brenn,Thorns,bthorns5@blogger.com,Female,Finland,Teal
Phineas,Wadmore,pwadmore6@ftc.gov,Male,Morocco,Maroon
Roxine,Dewis,rdewis7@phoca.cz,Female,Peru,Orange
Bethany,Bonifazio,bbonifazio8@clickbank.net,Female,Russia,Turquoise
Mellisent,Gould,mgould9@harvard.edu,Female,Nigeria,Khaki
Ilise,Wase,iwasea@artisteer.com,Female,Spain,Green
Heywood,Pawelke,hpawelkeb@purevolume.com,Male,Poland,Khaki
Gayler,Wildber,gwildberc@51.la,Male,Iran,Pink
Petronilla,Lere,plered@youku.com,Female,Czech Republic,Yellow
Winston,Amberg,wamberge@google.co.uk,Male,Indonesia,Khaki
Quillan,Jacobsen,qjacobsenf@nps.gov,Male,Canada,Orange
Gaile,Stappard,gstappardg@noaa.gov,Male,United States,Purple
Venita,Dionsetto,vdionsettoh@spotify.com,Female,Sweden,Purple
Margeaux,Btham,mbthami@chronoengine.com,Female,Philippines,Fuscia
Gregoor,Tyt,gtytj@miibeian.gov.cn,Male,Venezuela,Aquamarine
Jania,Airlie,jairliek@apple.com,Female,Colombia,Yellow
Jilleen,Reames,jreamesl@vinaora.com,Female,Canada,Green
Ninnetta,Vondracek,nvondracekm@studiopress.com,Female,Italy,Maroon
Basile,D'Aguanno,bdaguannon@privacy.gov.au,Male,Guatemala,Purple
Carlen,Hathorn,chathorno@a8.net,Female,United Arab Emirates,Goldenrod
Tedra,Willis,twillisp@printfriendly.com,Female,Indonesia,Aquamarine
Haslett,Boullen,hboullenq@fotki.com,Male,Malawi,Fuscia
Scotti,Ungerecht,sungerechtr@blogtalkradio.com,Male,Panama,Purple
Leta,Goddard,lgoddards@opensource.org,Female,Indonesia,Blue
Windham,Babalola,wbabalolat@who.int,Male,Russia,Fuscia
Ferrel,Mullins,fmullinsu@amazonaws.com,Male,Russia,Indigo
Patrizia,Lawranson,plawransonv@shop-pro.jp,Female,Vietnam,Khaki
Dieter,Saveall,dsaveallw@bbb.org,Male,China,Green
Mickey,Duckerin,mduckerinx@cocolog-nifty.com,Male,Sweden,Red
Isadora,Smylie,ismyliey@lycos.com,Female,Sweden,Violet
Lorne,Hatchett,lhatchettz@google.co.uk,Male,Poland,Orange
Cash,Brosel,cbrosel10@posterous.com,Male,Cameroon,Turquoise
Normie,Schimon,nschimon11@imdb.com,Male,China,Yellow
Leo,Durdle,ldurdle12@google.co.uk,Male,China,Crimson
Dorena,Denisovo,ddenisovo13@theguardian.com,Female,Indonesia,Turquoise
Guy,Dietsche,gdietsche14@qq.com,Male,Costa Rica,Blue
Hasheem,Pollicatt,hpollicatt15@dagondesign.com,Male,Malaysia,Violet
Krishna,Ervin,kervin16@posterous.com,Male,Portugal,Crimson
Kathleen,Gornal,kgornal17@mlb.com,Female,Malaysia,Red
Nedda,Forgie,nforgie18@wikia.com,Female,Georgia,Teal
Lynett,Dressel,ldressel19@de.vu,Female,China,Goldenrod
Gwenette,Satchel,gsatchel1a@sbwire.com,Female,Poland,Blue
Davidson,McQuilkin,dmcquilkin1b@youku.com,Male,Brazil,Indigo
Libbi,Allawy,lallawy1c@cdc.gov,Female,Thailand,Yellow
Araldo,Cowey,acowey1d@prnewswire.com,Male,Philippines,Puce
Kelby,Hodgets,khodgets1e@timesonline.co.uk,Male,Serbia,Mauv
Emmott,Mathe,emathe1f@pbs.org,Male,United States,Orange
Dory,Quilliam,dquilliam1g@tamu.edu,Female,Faroe Islands,Aquamarine
Elvira,Witterick,ewitterick1h@imageshack.us,Female,Oman,Mauv
Gabriello,McKibbin,gmckibbin1i@issuu.com,Male,United States,Crimson
Lauren,Theunissen,ltheunissen1j@usgs.gov,Male,Indonesia,Yellow
Rey,Benettolo,rbenettolo1k@un.org,Male,Brazil,Crimson
Leoine,Damiral,ldamiral1l@google.cn,Female,Sweden,Blue
Rora,Varren,rvarren1m@techcrunch.com,Female,Poland,Aquamarine
Kay,Middler,kmiddler1n@etsy.com,Female,China,Blue
Olivette,Terrans,oterrans1o@studiopress.com,Female,Indonesia,Yellow
Stanwood,Wing,swing1p@nbcnews.com,Male,China,Purple
Mayne,Treadwell,mtreadwell1q@sina.com.cn,Male,Philippines,Khaki
Hadria,Roughan,hroughan1r@alibaba.com,Female,China,Orange
Appolonia,Healy,ahealy1s@github.com,Female,Colombia,Turquoise
Filbert,Dolder,fdolder1t@hatena.ne.jp,Male,China,Maroon
Peria,Abbets,pabbets1u@reference.com,Female,Indonesia,Teal
Maxwell,Culbert,mculbert1v@webeden.co.uk,Male,China,Fuscia
Antony,Godsmark,agodsmark1w@blogs.com,Male,China,Fuscia
Christiana,Scholefield,cscholefield1x@bing.com,Female,Brazil,Pink
Rand,Scougall,rscougall1y@surveymonkey.com,Male,Philippines,Teal
Bob,Langhorne,blanghorne1z@adobe.com,Male,Colombia,Puce
Doll,Lambard,dlambard20@ucla.edu,Female,Sri Lanka,Goldenrod
Lorne,Yanshin,lyanshin21@meetup.com,Female,China,Yellow
Delmer,Gravenor,dgravenor22@geocities.com,Male,Poland,Maroon
Roderic,Raphael,rraphael23@booking.com,Male,Portugal,Yellow
Justinian,Deinhardt,jdeinhardt24@salon.com,Male,China,Orange
Creighton,Blaydes,cblaydes25@dailymotion.com,Male,China,Pink
Joshia,Blues,jblues26@mapy.cz,Male,Mexico,Purple
Alick,Rattenbury,arattenbury27@mozilla.org,Male,Comoros,Puce
Drud,Pitt,dpitt28@narod.ru,Male,China,Goldenrod
Pebrook,Aberkirdo,paberkirdo29@edublogs.org,Male,Portugal,Red
Chaim,Lazonby,clazonby2a@multiply.com,Male,China,Aquamarine
Ealasaid,Armin,earmin2b@amazon.co.uk,Female,United States,Purple
Joelynn,Shortcliffe,jshortcliffe2c@domainmarket.com,Female,China,Yellow
Rosemaria,Dyson,rdyson2d@sun.com,Female,Bolivia,Fuscia
Hedy,Lebourn,hlebourn2e@wikimedia.org,Female,Peru,Puce
Prinz,Hansana,phansana2f@phoca.cz,Male,Indonesia,Pink
Korrie,Annesley,kannesley2g@google.cn,Female,China,Khaki
Ewell,Banaszkiewicz,ebanaszkiewicz2h@lulu.com,Male,Ukraine,Violet
Ines,Kinkade,ikinkade2i@bbb.org,Female,China,Yellow
Gardner,Klawi,gklawi2j@1und1.de,Male,Indonesia,Mauv
Paulita,Minchell,pminchell2k@xing.com,Female,Indonesia,Mauv
Carlynne,Paladini,cpaladini2l@shinystat.com,Female,Indonesia,Puce
Maia,Lancett,mlancett2m@msu.edu,Female,Morocco,Khaki
Job,McKiernan,jmckiernan2n@dmoz.org,Male,China,Violet
Lauritz,Spellessy,lspellessy2o@rambler.ru,Male,Russia,Green
Chas,Alp,calp2p@linkedin.com,Male,Canada,Violet
Amandie,Cowherd,acowherd2q@free.fr,Female,Costa Rica,Fuscia
Danielle,Loudwell,dloudwell2r@blinklist.com,Female,Thailand,Aquamarine
